domain,problem,heuristic,recursionLevel,searchTimeM,planLengthM,expandedStatesM,expandedStatesGlobalM,expandedStatesLocalM,searchMessagesM,heuristicRequestMessagesM,heuristicReplyMessagesM,totalMessagesM,globalSearchTimeM,localSearchTimeM,globalHeuristicTimeM,localHeuristicTimeM,otherHeuristicTimeM,domainShort,problemShort,ratioLE,ratioGE,ratioGL,ratioLG,heurTimePerStateL,heurTimePerStateG,heurTimePerStateGO,heurRatio,plotchar,color
benchmarks/blocksworld,benchmarks/blocksworld/probBLOCKS-10-0.pddl,PPsaFF-glcl,-1,   2918.0, 54.8,   8370.0,   264.8,   8104.9,   5577.1,   1007.4,   1007.8,   7592.3,   2.50,  113.8,   143.3,   2173.9,   19.9,blocksworld,blocksworld/probBLOCKS-10-0.pddl,0.97,0.031637,0.032672,   30.61, 0.268, 0.541, 0.616,  2.30, 1.0,red2
benchmarks/blocksworld,benchmarks/blocksworld/probBLOCKS-10-1.pddl,PPsaFF-glcl,-1,   5533.3, 83.4,  24960.8,   885.8,  24073.6,  17202.9,   3360.8,   3361.3,  23925.0,   4.40,  206.7,   241.2,   3950.6,   39.8,blocksworld,blocksworld/probBLOCKS-10-1.pddl,0.96,0.035488,0.036795,   27.18, 0.164, 0.272, 0.317,  1.93, 1.0,red2
benchmarks/blocksworld,benchmarks/blocksworld/probBLOCKS-10-2.pddl,PPsaFF-glcl,-1,  10938.3, 60.8,  65092.0,  2994.9,  62100.9,  41976.7,  10865.9,  10866.5,  63709.1,  10.90,  398.7,   547.4,   8062.7,   81.5,blocksworld,blocksworld/probBLOCKS-10-2.pddl,0.95,0.046010,0.048226,   20.74, 0.130, 0.183, 0.210,  1.62, 1.0,red2
benchmarks/blocksworld,benchmarks/blocksworld/probBLOCKS-11-0.pddl,PPsaFF-glcl,-1,   4626.1, 71.4,  16498.9,   463.4,  16034.4,  11896.2,   1802.1,   1802.0,  15500.3,   1.70,  156.1,   190.7,   3525.8,   29.0,blocksworld,blocksworld/probBLOCKS-11-0.pddl,0.97,0.028087,0.028900,   34.60, 0.220, 0.412, 0.474,  2.16, 1.0,red2
benchmarks/blocksworld,benchmarks/blocksworld/probBLOCKS-11-1.pddl,PPsaFF-glcl,-1,   7365.5, 78.2,  34503.0,  1075.3,  33426.8,  22788.1,   4050.8,   4051.2,  30890.1,   4.40,  241.3,   295.4,   5519.5,   53.9,blocksworld,blocksworld/probBLOCKS-11-1.pddl,0.97,0.031165,0.032169,   31.09, 0.165, 0.275, 0.325,  1.97, 1.0,red2
benchmarks/blocksworld,benchmarks/blocksworld/probBLOCKS-11-2.pddl,PPsaFF-glcl,-1,  19473.4, 91.2, 129979.3,  5215.0, 124769.5,  79181.8,  22409.0,  22409.7, 124000.5,  22.80,  619.6,   948.6,  15679.4,  158.6,blocksworld,blocksworld/probBLOCKS-11-2.pddl,0.96,0.040122,0.041797,   23.93, 0.126, 0.182, 0.212,  1.69, 1.0,red2
benchmarks/blocksworld,benchmarks/blocksworld/probBLOCKS-12-0.pddl,PPsaFF-glcl,-1,  21063.2,104.4, 107073.5,  7758.3,  99326.5,  69589.8,  26520.3,  26521.0, 122631.1,  34.80,  544.8,  1264.0,  14009.2,  118.4,blocksworld,blocksworld/probBLOCKS-12-0.pddl,0.93,0.072458,0.078109,   12.80, 0.141, 0.163, 0.178,  1.26, 1.0,red2
benchmarks/blocksworld,benchmarks/blocksworld/probBLOCKS-12-1.pddl,PPsaFF-glcl,-1,  40844.2,120.8, 215852.2, 13215.5, 202646.0, 142606.4,  50206.2,  50207.8, 243020.4,  54.90, 1065.9,  2096.4,  28273.5,  253.9,blocksworld,blocksworld/probBLOCKS-12-1.pddl,0.94,0.061225,0.065215,   15.33, 0.140, 0.159, 0.178,  1.27, 1.0,red2
benchmarks/blocksworld,benchmarks/blocksworld/probBLOCKS-13-0.pddl,PPsaFF-glcl,-1,  39152.9,116.4, 172950.4,  9786.1, 163175.6, 122528.3,  38659.4,  38659.7, 199847.4,  41.30,  933.1,  1956.2,  28655.9,  196.7,blocksworld,blocksworld/probBLOCKS-13-0.pddl,0.94,0.056583,0.059973,   16.67, 0.176, 0.200, 0.220,  1.25, 1.0,red2
benchmarks/blocksworld,benchmarks/blocksworld/probBLOCKS-13-1.pddl,PPsaFF-glcl,-1,  48415.5,130.2, 215032.4, 12105.1, 202939.0, 152413.3,  46123.5,  46124.5, 244661.3,  50.30, 1095.4,  2371.0,  35060.1,  236.8,blocksworld,blocksworld/probBLOCKS-13-1.pddl,0.94,0.056294,0.059649,   16.76, 0.173, 0.196, 0.215,  1.25, 1.0,red2
benchmarks/blocksworld,benchmarks/blocksworld/probBLOCKS-14-0.pddl,PPsaFF-glcl,-1,  16294.4, 98.8,  56704.0,  2475.2,  54231.3,  40915.2,  11360.3,  11361.2,  63636.7,  10.70,  347.5,   731.7,  12116.0,   70.3,blocksworld,blocksworld/probBLOCKS-14-0.pddl,0.96,0.043651,0.045642,   21.91, 0.223, 0.296, 0.324,  1.45, 1.0,red2
benchmarks/blocksworld,benchmarks/blocksworld/probBLOCKS-14-1.pddl,PPsaFF-glcl,-1,  53975.9,145.8, 193971.3,  6745.3, 187229.1, 141425.9,  41074.8,  41075.9, 223576.6,  29.20,  991.9,  2006.3,  40077.8,  215.4,blocksworld,blocksworld/probBLOCKS-14-1.pddl,0.97,0.034775,0.036027,   27.76, 0.214, 0.297, 0.329,  1.54, 1.0,red2
benchmarks/blocksworld,benchmarks/blocksworld/probBLOCKS-15-0.pddl,PPsaFF-glcl,-1, 232254.7,228.4, 699732.7, 20187.1, 679565.3, 536379.3,  94523.1,  94524.5, 725426.9, 124.40, 3747.2,  7643.6, 192372.3,  693.0,blocksworld,blocksworld/probBLOCKS-15-0.pddl,0.97,0.028850,0.029706,   33.66, 0.283, 0.379, 0.413,  1.46, 1.0,red2
benchmarks/blocksworld,benchmarks/blocksworld/probBLOCKS-15-1.pddl,PPsaFF-glcl,-1,  44100.8,195.0, 267165.6,  5458.5, 261706.7, 206715.2,  28691.7,  28692.4, 264099.3,  24.50, 1332.7,  2167.2,  69973.7,  259.7,blocksworld,blocksworld/probBLOCKS-15-1.pddl,0.98,0.020431,0.020857,   47.94, 0.267, 0.397, 0.445,  1.66, 1.0,red2
benchmarks/blocksworld,benchmarks/blocksworld/probBLOCKS-16-1.pddl,PPsaFF-glcl,-1, 338735.2,196.0, 908790.9, 30344.6, 878452.6, 683898.9, 122515.4, 122517.4, 928931.7, 200.80, 5176.8, 13724.4, 270469.6,  890.4,blocksworld,blocksworld/probBLOCKS-16-1.pddl,0.97,0.033390,0.034543,   28.95, 0.308, 0.452, 0.482,  1.56, 1.0,red2
benchmarks/blocksworld,benchmarks/blocksworld/probBLOCKS-16-2.pddl,PPsaFF-glcl,-1, 249659.3,224.7, 688852.4, 14354.9, 674492.9, 535004.4,  61149.7,  61151.9, 657306.0,  72.56, 3634.4,  6441.9, 214761.4,  652.3,blocksworld,blocksworld/probBLOCKS-16-2.pddl,0.98,0.020839,0.021283,   46.99, 0.318, 0.449, 0.494,  1.55, 1.0,red2
benchmarks/blocksworld,benchmarks/blocksworld/probBLOCKS-17-0.pddl,PPsaFF-glcl,-1,1824468.0,255.0,4392239.5, 98590.5,4293668.0,3556874.5, 429678.0, 429683.5,4416236.0, 766.00,38693.0, 62126.0,1819693.5, 5469.5,blocksworld,blocksworld/probBLOCKS-17-0.pddl,0.98,0.022447,0.022962,   43.55, 0.424, 0.630, 0.686,  1.62, 1.0,red2
benchmarks/blocksworld,benchmarks/blocksworld/probBLOCKS-4-0.pddl,PPsaFF-glcl,-1,    281.8,  6.6,    249.7,    17.2,    232.6,    141.9,     51.1,     49.1,    242.1,   0.50,   14.0,    56.4,    408.5,    1.9,blocksworld,blocksworld/probBLOCKS-4-0.pddl,0.93,0.068883,0.073947,   13.52, 1.756, 3.279, 3.390,  1.93, 1.0,red2
benchmarks/blocksworld,benchmarks/blocksworld/probBLOCKS-4-1.pddl,PPsaFF-glcl,-1,    245.6, 10.0,    253.2,    29.1,    224.2,    111.3,     82.0,     80.7,    274.0,   1.90,   12.8,    56.1,    347.2,    2.1,blocksworld,blocksworld/probBLOCKS-4-1.pddl,0.89,0.114929,0.129795,    7.70, 1.549, 1.928, 2.000,  1.29, 1.0,red2
benchmarks/blocksworld,benchmarks/blocksworld/probBLOCKS-4-2.pddl,PPsaFF-glcl,-1,    154.6,  7.0,    107.1,     8.1,     99.3,     58.1,     34.0,     31.4,    123.5,   0.80,    6.7,    38.0,    181.2,    1.1,blocksworld,blocksworld/probBLOCKS-4-2.pddl,0.93,0.075630,0.081571,   12.26, 1.825, 4.691, 4.827,  2.65, 1.0,red2
benchmarks/blocksworld,benchmarks/blocksworld/probBLOCKS-5-0.pddl,PPsaFF-glcl,-1,    966.2, 11.8,    780.8,    70.7,    710.4,    424.7,    223.7,    223.6,    872.0,   2.40,   40.1,   125.8,    733.3,    7.9,blocksworld,blocksworld/probBLOCKS-5-0.pddl,0.91,0.090548,0.099521,   10.05, 1.032, 1.779, 1.891,  1.83, 1.0,red2
benchmarks/blocksworld,benchmarks/blocksworld/probBLOCKS-5-1.pddl,PPsaFF-glcl,-1,   1088.8, 17.2,    981.4,   107.1,    875.4,    519.5,    308.8,    308.4,   1136.7,   2.90,   45.1,   107.9,    733.1,    8.0,blocksworld,blocksworld/probBLOCKS-5-1.pddl,0.89,0.109130,0.122344,    8.17, 0.837, 1.007, 1.082,  1.29, 1.0,red2
benchmarks/blocksworld,benchmarks/blocksworld/probBLOCKS-5-2.pddl,PPsaFF-glcl,-1,   1611.8, 26.2,   2301.4,   245.8,   2056.0,   1356.5,    745.3,    745.2,   2847.0,   5.80,   75.6,   120.3,    974.2,   14.6,blocksworld,blocksworld/probBLOCKS-5-2.pddl,0.89,0.106805,0.119553,    8.36, 0.474, 0.489, 0.549,  1.16, 1.0,red2
benchmarks/blocksworld,benchmarks/blocksworld/probBLOCKS-6-0.pddl,PPsaFF-glcl,-1,   1450.2, 27.6,   5592.8,   535.2,   5057.6,   3437.7,   1683.8,   1683.9,   6805.4,   7.10,  105.0,   120.8,    702.2,   18.1,blocksworld,blocksworld/probBLOCKS-6-0.pddl,0.90,0.095694,0.105821,    9.45, 0.139, 0.226, 0.260,  1.87, 1.0,red2
benchmarks/blocksworld,benchmarks/blocksworld/probBLOCKS-6-1.pddl,PPsaFF-glcl,-1,    380.5, 15.0,    532.8,    32.4,    500.6,    329.3,    116.8,    116.3,    562.4,   1.00,   25.8,    51.7,    271.5,    3.6,blocksworld,blocksworld/probBLOCKS-6-1.pddl,0.94,0.060811,0.064722,   15.45, 0.542, 1.596, 1.707,  3.15, 1.0,red2
benchmarks/blocksworld,benchmarks/blocksworld/probBLOCKS-6-2.pddl,PPsaFF-glcl,-1,   1686.7, 36.6,   6955.9,   762.9,   6193.2,   4037.8,   2355.8,   2356.3,   8749.9,   7.00,  115.6,   139.0,    766.9,   19.6,blocksworld,blocksworld/probBLOCKS-6-2.pddl,0.89,0.109677,0.123183,    8.12, 0.124, 0.182, 0.208,  1.68, 1.0,red2
benchmarks/blocksworld,benchmarks/blocksworld/probBLOCKS-7-0.pddl,PPsaFF-glcl,-1,   1142.2, 35.8,   3373.9,   202.8,   3171.8,   2049.2,    808.9,    808.7,   3666.8,   2.60,   65.7,    73.3,    635.0,   14.1,blocksworld,blocksworld/probBLOCKS-7-0.pddl,0.94,0.060108,0.063938,   15.64, 0.200, 0.361, 0.431,  2.15, 1.0,red2
benchmarks/blocksworld,benchmarks/blocksworld/probBLOCKS-7-1.pddl,PPsaFF-glcl,-1,   1438.1, 42.0,   4549.8,   295.3,   4255.9,   2676.5,   1122.2,   1122.3,   4921.0,   3.70,   86.7,    98.2,    816.7,   14.1,blocksworld,blocksworld/probBLOCKS-7-1.pddl,0.94,0.064904,0.069386,   14.41, 0.192, 0.333, 0.380,  1.98, 1.0,red2
benchmarks/blocksworld,benchmarks/blocksworld/probBLOCKS-7-2.pddl,PPsaFF-glcl,-1,   1299.4, 37.0,   4075.7,   292.9,   3785.8,   2341.8,   1069.3,   1069.5,   4480.6,   4.50,   82.9,    97.4,    682.7,   17.0,blocksworld,blocksworld/probBLOCKS-7-2.pddl,0.93,0.071865,0.077368,   12.93, 0.180, 0.333, 0.391,  2.17, 1.0,red2
benchmarks/blocksworld,benchmarks/blocksworld/probBLOCKS-8-0.pddl,PPsaFF-glcl,-1,   2951.6, 47.6,  10392.6,   505.7,   9885.6,   5905.4,   2734.2,   2734.4,  11374.0,   5.20,  177.3,   151.8,   1724.7,   28.4,blocksworld,blocksworld/probBLOCKS-8-0.pddl,0.95,0.048660,0.051155,   19.55, 0.174, 0.300, 0.356,  2.04, 1.0,red2
benchmarks/blocksworld,benchmarks/blocksworld/probBLOCKS-8-1.pddl,PPsaFF-glcl,-1,   2424.7, 40.0,   7086.1,   676.9,   6408.9,   4294.5,   2060.1,   2060.0,   8414.6,   9.70,  148.0,   173.7,   1313.3,   25.2,blocksworld,blocksworld/probBLOCKS-8-1.pddl,0.90,0.095525,0.105619,    9.47, 0.205, 0.257, 0.294,  1.43, 1.0,red2
benchmarks/blocksworld,benchmarks/blocksworld/probBLOCKS-8-2.pddl,PPsaFF-glcl,-1,   1118.3, 24.8,   1700.4,    98.3,   1602.0,   1069.2,    345.9,    345.6,   1760.7,   1.80,   50.7,    84.5,    910.8,    8.2,blocksworld,blocksworld/probBLOCKS-8-2.pddl,0.94,0.057810,0.061361,   16.30, 0.569, 0.860, 0.943,  1.66, 1.0,red2
benchmarks/blocksworld,benchmarks/blocksworld/probBLOCKS-9-0.pddl,PPsaFF-glcl,-1,   8518.3, 82.6,  47544.7,  3962.2,  43588.4,  30783.3,  15251.5,  15252.2,  61287.0,  18.40,  359.5,   523.6,   5007.5,   72.5,blocksworld,blocksworld/probBLOCKS-9-0.pddl,0.92,0.083336,0.090900,   11.00, 0.115, 0.132, 0.150,  1.31, 1.0,red2
benchmarks/blocksworld,benchmarks/blocksworld/probBLOCKS-9-1.pddl,PPsaFF-glcl,-1,   3904.4, 62.0,  16958.0,  1223.2,  15734.1,  11505.6,   5060.1,   5059.7,  21625.4,   8.60,  175.0,   246.7,   2510.6,   36.1,blocksworld,blocksworld/probBLOCKS-9-1.pddl,0.93,0.072131,0.077742,   12.86, 0.160, 0.202, 0.231,  1.45, 1.0,red2
benchmarks/blocksworld,benchmarks/blocksworld/probBLOCKS-9-2.pddl,PPsaFF-glcl,-1,   9605.2, 64.8,  54910.2,  4078.0,  50841.8,  35991.0,  17516.7,  17516.5,  71024.2,  15.30,  636.1,   533.1,   5761.5,   80.2,blocksworld,blocksworld/probBLOCKS-9-2.pddl,0.93,0.074267,0.080210,   12.47, 0.113, 0.131, 0.150,  1.33, 1.0,red2
benchmarks/depot,benchmarks/depot/pfile10.pddl,PPsaFF-glcl,-1,  58691.3, 99.6, 506065.0, 17508.1, 488582.7, 123872.3,  97565.1,  97562.9, 319000.3,  77.29, 2475.0,  5218.0,  85330.4,  846.0,depot,depot/pfile10.pddl,0.97,0.034597,0.035834,   27.91, 0.175, 0.298, 0.346,  1.98, 2.0,green2
benchmarks/depot,benchmarks/depot/pfile11.pddl,PPsaFF-glcl,-1, 938925.3,297.4,4892815.8, 44337.3,4848370.7,1284208.0,1050211.6,1050252.7,3384672.2, 314.33,31386.1, 52489.1,2939853.7, 5487.8,depot,depot/pfile11.pddl,0.99,0.009062,0.009145,  109.35, 0.606, 1.184, 1.308,  2.16, 2.0,green2
benchmarks/depot,benchmarks/depot/pfile13.pddl,PPsaFF-glcl,-1,    764.8, 33.7,   2067.6,    46.2,   2021.8,    571.8,    623.9,    617.4,   1813.1,   1.78,   44.2,   463.0,   1293.0,   29.9,depot,depot/pfile13.pddl,0.98,0.022345,0.022851,   43.76, 0.640,10.022,10.669, 16.68, 2.0,green2
benchmarks/depot,benchmarks/depot/pfile15.pddl,PPsaFF-glcl,-1,2959064.5,144.0,1812683.0,    65.0,1812564.0, 730029.5,   2196.5,   2197.5, 734423.5,   9.50,13618.0,  3192.0,4151067.0, 2103.5,depot,depot/pfile15.pddl,1.00,0.000036,0.000036,27885.60, 2.290,49.108,81.469, 35.57, 2.0,green2
benchmarks/depot,benchmarks/depot/pfile16.pddl,PPsaFF-glcl,-1,  35760.6, 62.4, 148913.1,   412.9, 148497.8,  46715.7,   5284.1,   5282.7,  57282.4,   2.56,  718.4,   869.1,  44826.6,  189.8,depot,depot/pfile16.pddl,1.00,0.002773,0.002781,  359.65, 0.302, 2.105, 2.565,  8.50, 2.0,green2
benchmarks/depot,benchmarks/depot/pfile17.pddl,PPsaFF-glcl,-1,1965227.7, 63.7,2002724.0,   150.3,2002509.0, 705959.7,   3002.0,   3000.7, 711962.3,   3.33,12061.3,  3070.0,2227954.0, 1969.0,depot,depot/pfile17.pddl,1.00,0.000075,0.000075,13323.41, 1.113,20.426,33.526, 30.13, 2.0,green2
benchmarks/depot,benchmarks/depot/pfile19.pddl,PPsaFF-glcl,-1,5978818.0,169.0,7542735.0, 36693.0,7506031.0,1214002.0, 684965.0, 684970.0,2583937.0, 316.00,57441.0, 60025.0,6244623.0,10770.0,depot,depot/pfile19.pddl,1.00,0.004865,0.004888,  204.56, 0.832, 1.636, 1.929,  2.32, 2.0,green2
benchmarks/depot,benchmarks/depot/pfile1.pddl,PPsaFF-glcl,-1,    359.2, 13.0,    149.3,    33.3,    115.8,     30.4,    153.0,    151.9,    335.3,   1.22,    8.1,   120.9,    179.9,   37.7,depot,depot/pfile1.pddl,0.78,0.223041,0.287565,    3.48, 1.554, 3.631, 4.763,  3.07, 2.0,green2
benchmarks/depot,benchmarks/depot/pfile2.pddl,PPsaFF-glcl,-1,    543.4, 24.7,    562.3,    46.9,    515.2,    165.2,    446.9,    446.8,   1058.9,   1.78,   20.3,   105.4,    313.0,   28.6,depot,depot/pfile2.pddl,0.92,0.083407,0.091033,   10.99, 0.608, 2.247, 2.857,  4.70, 2.0,green2
benchmarks/depot,benchmarks/depot/pfile3.pddl,PPsaFF-glcl,-1,   1481.5, 90.5,   4363.0,   132.4,   4231.2,   1350.2,   1477.4,   1477.6,   4305.2,   2.62,   69.8,   181.4,   1539.2,   46.8,depot,depot/pfile3.pddl,0.97,0.030346,0.031291,   31.96, 0.364, 1.370, 1.724,  4.74, 2.0,green2
benchmarks/depot,benchmarks/depot/pfile4.pddl,PPsaFF-glcl,-1,   4339.0,124.6,  17158.2,   574.8,  16582.4,   5615.8,   5708.0,   5708.2,  17032.0,   4.88,  135.5,   306.5,   3845.4,   46.4,depot,depot/pfile4.pddl,0.97,0.033500,0.034663,   28.85, 0.232, 0.533, 0.614,  2.65, 2.0,green2
benchmarks/depot,benchmarks/depot/pfile5.pddl,PPsaFF-glcl,-1,  29076.0,317.6, 114300.2,  3202.4, 111098.9,  36685.8,  47948.9,  47951.1, 132585.8,  14.38,  516.0,  1308.9,  27036.1,  167.0,depot,depot/pfile5.pddl,0.97,0.028017,0.028825,   34.69, 0.243, 0.409, 0.461,  1.89, 2.0,green2
benchmarks/depot,benchmarks/depot/pfile7.pddl,PPsaFF-glcl,-1,  13588.8, 55.8,  86274.4,  3642.2,  82631.4,  30137.2,  27390.4,  27388.4,  84916.0,  14.00,  443.9,   720.6,  10660.9,  124.0,depot,depot/pfile7.pddl,0.96,0.042216,0.044078,   22.69, 0.129, 0.198, 0.232,  1.80, 2.0,green2
benchmarks/depot,benchmarks/depot/pfile8.pddl,PPsaFF-glcl,-1,  63759.5,112.5, 190692.6,  4850.0, 185844.2,  78020.1,  45697.9,  45698.6, 169416.6,  22.00,  887.0,  2447.5,  55828.4,  188.0,depot,depot/pfile8.pddl,0.97,0.025434,0.026097,   38.32, 0.300, 0.505, 0.543,  1.81, 2.0,green2
benchmarks/depot,benchmarks/depot/pfile9.pddl,PPsaFF-glcl,-1, 844566.1,348.1,1568579.9, 21354.0,1547238.1, 627596.1, 326337.0, 326340.8,1280273.9, 150.62, 9513.1, 28960.2,1294914.4, 1592.4,depot,depot/pfile9.pddl,0.99,0.013614,0.013801,   72.46, 0.837, 1.356, 1.431,  1.71, 2.0,green2
benchmarks/driverlog,benchmarks/driverlog/pfile10.pddl,PPsaFF-glcl,-1,    640.1, 38.6,   2356.2,   922.2,   1434.3,   1332.0,   1821.2,   1821.1,   4974.3,  13.20,   18.1,   129.0,    244.1,    5.6,driverlog,driverlog/pfile10.pddl,0.61,0.391393,0.642962,    1.56, 0.170, 0.140, 0.146,  0.86, 3.0,blue2
benchmarks/driverlog,benchmarks/driverlog/pfile11.pddl,PPsaFF-glcl,-1,    747.0, 55.7,   4312.4,  1727.0,   2585.8,   2159.4,   3150.2,   3149.7,   8459.3,  18.10,   28.1,   202.7,    339.7,    9.6,driverlog,driverlog/pfile11.pddl,0.60,0.400473,0.667878,    1.50, 0.131, 0.117, 0.123,  0.94, 3.0,blue2
benchmarks/driverlog,benchmarks/driverlog/pfile12.pddl,PPsaFF-glcl,-1,   5008.2,103.3,  22897.7,  9078.6,  13825.7,  12420.8,  16868.0,  16868.9,  46157.7,  49.70,   84.6,  1051.3,   1988.5,   22.9,driverlog,driverlog/pfile12.pddl,0.60,0.396485,0.656647,    1.52, 0.144, 0.116, 0.118,  0.82, 3.0,blue2
benchmarks/driverlog,benchmarks/driverlog/pfile13.pddl,PPsaFF-glcl,-1,   1282.0, 65.9,   4966.6,  1727.7,   3239.4,   1969.1,   5033.1,   5033.0,  12035.2,  16.60,   40.7,   272.0,    670.9,    9.9,driverlog,driverlog/pfile13.pddl,0.65,0.347864,0.533340,    1.87, 0.207, 0.157, 0.163,  0.79, 3.0,blue2
benchmarks/driverlog,benchmarks/driverlog/pfile14.pddl,PPsaFF-glcl,-1,   1362.3, 77.4,   4194.8,   624.2,   3571.7,   1508.8,   3471.8,   3472.4,   8453.0,   8.20,   47.8,   243.5,   1274.9,   10.8,driverlog,driverlog/pfile14.pddl,0.85,0.148803,0.174763,    5.72, 0.357, 0.390, 0.407,  1.14, 3.0,blue2
benchmarks/driverlog,benchmarks/driverlog/pfile15.pddl,PPsaFF-glcl,-1,   2849.0, 82.2,  12493.6,   568.2,  11925.0,   5786.9,   4705.8,   4705.3,  15198.0,   5.50,  109.8,   391.6,   4259.7,   16.4,driverlog,driverlog/pfile15.pddl,0.95,0.045479,0.047648,   20.99, 0.357, 0.689, 0.718,  2.01, 3.0,blue2
benchmarks/driverlog,benchmarks/driverlog/pfile16.pddl,PPsaFF-glcl,-1,  50310.0,309.0, 159884.0,  3368.0, 156520.0,  67140.0,  33385.0,  33380.0, 133905.0,  18.00,  732.0,  3413.0, 102044.0,  140.0,driverlog,driverlog/pfile16.pddl,0.98,0.021065,0.021518,   46.47, 0.652, 1.013, 1.055,  1.62, 3.0,blue2
benchmarks/driverlog,benchmarks/driverlog/pfile17.pddl,PPsaFF-glcl,-1,  49579.9,175.0,  86199.1,   351.3,  85848.3,  49717.7,   3425.6,   3425.4,  56568.8,   4.70,  473.5,  1033.6, 120385.4,   91.0,driverlog,driverlog/pfile17.pddl,1.00,0.004075,0.004092,  244.37, 1.402, 2.942, 3.201,  2.28, 3.0,blue2
benchmarks/driverlog,benchmarks/driverlog/pfile18.pddl,PPsaFF-glcl,-1, 941163.2,319.4, 502215.8,  5981.6, 496237.2, 191204.4,  77027.0,  77025.8, 345257.2,  42.20, 3441.6, 16447.4,1225403.4,  537.6,driverlog,driverlog/pfile18.pddl,0.99,0.011910,0.012054,   82.96, 2.469, 2.750, 2.840,  1.15, 3.0,blue2
benchmarks/driverlog,benchmarks/driverlog/pfile19.pddl,PPsaFF-glcl,-1, 681840.4,341.4, 352704.2,  3057.0, 349650.4, 145393.8,  45650.6,  45650.0, 236694.4,  25.80, 2915.4, 16436.0,1872080.4,  392.8,driverlog,driverlog/pfile19.pddl,0.99,0.008667,0.008743,  114.38, 5.354, 5.377, 5.505,  1.03, 3.0,blue2
benchmarks/driverlog,benchmarks/driverlog/pfile1.pddl,PPsaFF-glcl,-1,     64.8,  8.0,     66.6,    21.1,     46.0,     33.4,     60.5,     60.1,    154.0,   1.50,    3.7,    20.1,     31.2,    0.2,driverlog,driverlog/pfile1.pddl,0.69,0.316817,0.458696,    2.18, 0.678, 0.953, 0.962,  1.42, 3.0,blue2
benchmarks/driverlog,benchmarks/driverlog/pfile2.pddl,PPsaFF-glcl,-1,    765.0, 26.0,    578.8,   222.8,    356.0,    350.8,    357.1,    357.2,   1065.1,   7.90,   14.7,   148.1,    279.9,    4.7,driverlog,driverlog/pfile2.pddl,0.62,0.384934,0.625843,    1.60, 0.786, 0.665, 0.686,  0.87, 3.0,blue2
benchmarks/driverlog,benchmarks/driverlog/pfile3.pddl,PPsaFF-glcl,-1,     96.2, 13.0,    122.1,    38.1,     84.5,     65.2,     74.8,     73.8,    213.8,   1.60,    5.7,    36.8,     74.0,    0.5,driverlog,driverlog/pfile3.pddl,0.69,0.312039,0.450888,    2.22, 0.876, 0.966, 0.979,  1.12, 3.0,blue2
benchmarks/driverlog,benchmarks/driverlog/pfile4.pddl,PPsaFF-glcl,-1,    761.0, 27.5,   2644.7,   369.6,   2276.1,   1532.2,   1186.3,   1186.2,   3904.7,   7.30,   52.1,   143.0,    721.1,    9.9,driverlog,driverlog/pfile4.pddl,0.86,0.139751,0.162383,    6.16, 0.317, 0.387, 0.414,  1.31, 3.0,blue2
benchmarks/driverlog,benchmarks/driverlog/pfile5.pddl,PPsaFF-glcl,-1,    416.4, 29.0,    357.4,    50.4,    307.3,    143.7,    223.5,    222.7,    589.9,   1.70,   13.3,    78.5,    428.4,    1.1,driverlog,driverlog/pfile5.pddl,0.86,0.141018,0.164009,    6.10, 1.394, 1.558, 1.579,  1.13, 3.0,blue2
benchmarks/driverlog,benchmarks/driverlog/pfile6.pddl,PPsaFF-glcl,-1,    189.0, 15.9,    259.2,    34.2,    225.2,    124.6,    153.0,    152.7,    430.3,   1.30,   10.0,    35.7,    155.7,    1.0,driverlog,driverlog/pfile6.pddl,0.87,0.131944,0.151865,    6.58, 0.691, 1.044, 1.073,  1.55, 3.0,blue2
benchmarks/driverlog,benchmarks/driverlog/pfile7.pddl,PPsaFF-glcl,-1,    189.3, 29.0,    587.7,    83.7,    504.3,    275.7,    333.4,    333.1,    942.2,   2.50,   17.8,    45.1,    203.7,    3.2,driverlog,driverlog/pfile7.pddl,0.86,0.142420,0.165973,    6.03, 0.404, 0.539, 0.577,  1.43, 3.0,blue2
benchmarks/driverlog,benchmarks/driverlog/pfile8.pddl,PPsaFF-glcl,-1,    147.8, 31.4,    559.4,    79.5,    479.9,    288.7,    279.3,    277.4,    845.4,   3.20,   17.6,    47.1,    205.5,    3.3,driverlog,driverlog/pfile8.pddl,0.86,0.142117,0.165660,    6.04, 0.428, 0.592, 0.634,  1.48, 3.0,blue2
benchmarks/driverlog,benchmarks/driverlog/pfile9.pddl,PPsaFF-glcl,-1,    336.4, 33.0,   1414.3,   551.2,    863.2,    776.2,   1423.6,   1423.5,   3623.3,  11.00,   18.1,    90.9,    161.0,    4.5,driverlog,driverlog/pfile9.pddl,0.61,0.389733,0.638554,    1.57, 0.187, 0.165, 0.173,  0.93, 3.0,blue2
benchmarks/elevators08,benchmarks/elevators08/p01.pddl,PPsaFF-glcl,-1,    141.3, 24.6,    331.3,    25.1,    306.3,     56.3,    269.6,    265.9,    591.8,   0.90,   17.2,    31.5,    157.6,    2.7,elevators08,elevators08/p01.pddl,0.92,0.075762,0.081946,   12.20, 0.515, 1.255, 1.363,  2.65, 4.0,darkred
benchmarks/elevators08,benchmarks/elevators08/p02.pddl,PPsaFF-glcl,-1,    644.8, 34.2,   3769.1,   378.5,   3391.7,    747.7,   2255.1,   2254.8,   5257.6,   6.40,   72.8,    79.0,    459.8,   12.8,elevators08,elevators08/p02.pddl,0.90,0.100422,0.111596,    8.96, 0.136, 0.209, 0.243,  1.79, 4.0,darkred
benchmarks/elevators08,benchmarks/elevators08/p03.pddl,PPsaFF-glcl,-1,   1461.2, 31.7,   3837.8,   563.9,   3275.5,   1094.5,   2248.6,   2248.8,   5591.9,   9.30,   83.4,   178.8,   1002.2,   15.0,elevators08,elevators08/p03.pddl,0.85,0.146933,0.172157,    5.81, 0.306, 0.317, 0.344,  1.12, 4.0,darkred
benchmarks/elevators08,benchmarks/elevators08/p04.pddl,PPsaFF-glcl,-1,   2031.7, 46.8,   7896.0,   538.9,   7358.3,   2055.9,   4133.4,   4132.7,  10322.0,   6.70,  128.3,   152.4,   1389.8,   23.8,elevators08,elevators08/p04.pddl,0.93,0.068250,0.073237,   13.65, 0.189, 0.283, 0.327,  1.73, 4.0,darkred
benchmarks/elevators08,benchmarks/elevators08/p05.pddl,PPsaFF-glcl,-1,   1454.9, 39.1,   4231.8,   438.1,   3795.3,   1237.4,   2103.3,   2103.4,   5444.1,   6.30,   85.7,   148.1,   1128.3,   18.0,elevators08,elevators08/p05.pddl,0.90,0.103526,0.115432,    8.66, 0.297, 0.338, 0.379,  1.28, 4.0,darkred
benchmarks/elevators08,benchmarks/elevators08/p06.pddl,PPsaFF-glcl,-1,   2033.0, 57.4,   4553.9,   260.4,   4294.7,   1247.3,   2761.0,   2760.2,   6768.5,   4.70,   94.0,   128.7,   1374.9,   17.7,elevators08,elevators08/p06.pddl,0.94,0.057182,0.060633,   16.49, 0.320, 0.494, 0.562,  1.76, 4.0,darkred
benchmarks/elevators08,benchmarks/elevators08/p07.pddl,PPsaFF-glcl,-1,   3298.1, 78.7,  17532.4,  1431.4,  16106.3,   4733.0,  11907.0,  11906.4,  28546.4,  12.50,  189.1,   255.6,   2164.2,   34.2,elevators08,elevators08/p07.pddl,0.92,0.081643,0.088872,   11.25, 0.134, 0.179, 0.202,  1.51, 4.0,darkred
benchmarks/elevators08,benchmarks/elevators08/p08.pddl,PPsaFF-glcl,-1,   5300.8, 68.4,  59194.5,  5589.5,  53617.7,  17059.9,  36197.6,  36196.1,  89453.6,  26.20,  353.0,   582.6,   4186.0,   90.9,elevators08,elevators08/p08.pddl,0.91,0.094426,0.104247,    9.59, 0.078, 0.104, 0.120,  1.54, 4.0,darkred
benchmarks/elevators08,benchmarks/elevators08/p09.pddl,PPsaFF-glcl,-1,   2890.7, 64.5,  11510.5,   681.4,  10829.3,   3560.9,   6739.5,   6741.1,  17041.5,   5.20,  134.5,   158.3,   1733.4,   27.2,elevators08,elevators08/p09.pddl,0.94,0.059198,0.062922,   15.89, 0.160, 0.232, 0.272,  1.70, 4.0,darkred
benchmarks/elevators08,benchmarks/elevators08/p10.pddl,PPsaFF-glcl,-1,   5836.3,112.9,  31861.7,  2303.3,  29559.2,   8411.6,  29005.7,  29004.5,  66421.8,  14.30,  266.0,   331.8,   2969.2,   54.5,elevators08,elevators08/p10.pddl,0.93,0.072291,0.077922,   12.83, 0.100, 0.144, 0.168,  1.67, 4.0,darkred
benchmarks/elevators08,benchmarks/elevators08/p11.pddl,PPsaFF-glcl,-1,   2948.8, 66.6,   7841.3,   840.5,   7002.8,   1124.2,   5330.0,   5329.9,  11784.1,  10.80,  118.4,   212.2,   1511.9,   23.1,elevators08,elevators08/p11.pddl,0.89,0.107189,0.120023,    8.33, 0.216, 0.252, 0.280,  1.30, 4.0,darkred
benchmarks/elevators08,benchmarks/elevators08/p12.pddl,PPsaFF-glcl,-1,   3228.0, 80.9,  13481.1,  1081.4,  12402.5,   2916.2,  12650.9,  12652.4,  28219.5,  17.60,  151.0,   237.2,   1522.7,   40.5,elevators08,elevators08/p12.pddl,0.92,0.080216,0.087192,   11.47, 0.123, 0.219, 0.257,  2.09, 4.0,darkred
benchmarks/elevators08,benchmarks/elevators08/p13.pddl,PPsaFF-glcl,-1,  14431.4, 99.2,  93576.4,  4059.5,  89523.5,  26343.4,  41669.7,  41671.8, 109684.9,  20.70,  450.3,   641.2,  10390.0,  120.9,elevators08,elevators08/p13.pddl,0.96,0.043382,0.045346,   22.05, 0.116, 0.158, 0.188,  1.62, 4.0,darkred
benchmarks/elevators08,benchmarks/elevators08/p14.pddl,PPsaFF-glcl,-1,  18530.5,167.4, 153446.8,  7725.8, 145733.9,  33520.8,  94589.5,  94589.7, 222700.0,  36.70,  720.5,  1174.0,  18839.6,  212.2,elevators08,elevators08/p14.pddl,0.95,0.050348,0.053013,   18.86, 0.129, 0.152, 0.179,  1.39, 4.0,darkred
benchmarks/elevators08,benchmarks/elevators08/p15.pddl,PPsaFF-glcl,-1,  40456.0,142.1, 265229.2,  5648.4, 259581.1,  91417.2,  68427.3,  68423.6, 228268.1,  24.78, 1173.8,  1155.6,  38780.0,  298.7,elevators08,elevators08/p15.pddl,0.98,0.021296,0.021760,   45.96, 0.149, 0.205, 0.257,  1.72, 4.0,darkred
benchmarks/elevators08,benchmarks/elevators08/p16.pddl,PPsaFF-glcl,-1,  26791.4,134.4, 121083.3,  7109.1, 113980.6,  33080.1,  66147.2,  66145.7, 165373.0,  30.70,  572.8,  1393.7,  20903.9,  128.7,elevators08,elevators08/p16.pddl,0.94,0.058712,0.062371,   16.03, 0.183, 0.196, 0.214,  1.17, 4.0,darkred
benchmarks/elevators08,benchmarks/elevators08/p17.pddl,PPsaFF-glcl,-1, 149773.8,175.2,1275220.2, 17602.2,1257616.8, 446937.5, 151244.1, 151244.8, 749426.4,  77.12, 7646.0,  5459.5, 246392.9, 1448.0,elevators08,elevators08/p17.pddl,0.99,0.013803,0.013996,   71.45, 0.196, 0.310, 0.392,  2.00, 4.0,darkred
benchmarks/elevators08,benchmarks/elevators08/p18.pddl,PPsaFF-glcl,-1, 178832.1,286.6, 981077.5, 39438.5, 941652.2, 224726.5, 686758.0, 686772.2,1598256.8, 204.75, 5888.6, 12086.9, 205301.8, 1158.4,elevators08,elevators08/p18.pddl,0.96,0.040199,0.041882,   23.88, 0.218, 0.306, 0.336,  1.54, 4.0,darkred
benchmarks/elevators08,benchmarks/elevators08/p19.pddl,PPsaFF-glcl,-1,  89308.4,288.2, 540443.6, 24654.6, 515801.0, 120420.6, 325703.5, 325712.2, 771836.4, 111.62, 2529.2,  6739.4, 129840.6,  581.8,elevators08,elevators08/p19.pddl,0.95,0.045619,0.047799,   20.92, 0.252, 0.273, 0.297,  1.18, 4.0,darkred
benchmarks/elevators08,benchmarks/elevators08/p20.pddl,PPsaFF-glcl,-1, 710508.0,262.0,2103596.0, 20067.0,2083538.0, 831615.0, 281908.0, 281915.0,1395438.0,  86.00,10506.0,  8643.0, 610862.0, 2142.0,elevators08,elevators08/p20.pddl,0.99,0.009539,0.009631,  103.83, 0.293, 0.431, 0.537,  1.83, 4.0,darkred
benchmarks/elevators08,benchmarks/elevators08/p21.pddl,PPsaFF-glcl,-1,  33714.1,154.5, 118479.7,  7308.6, 111179.2,  18330.6, 101744.2, 101742.0, 221816.8,  34.30,  664.8,  1514.8,  20964.2,  168.1,elevators08,elevators08/p21.pddl,0.94,0.061687,0.065737,   15.21, 0.189, 0.207, 0.230,  1.22, 4.0,darkred
benchmarks/elevators08,benchmarks/elevators08/p22.pddl,PPsaFF-glcl,-1,  44241.2,156.6, 167251.4,  8511.3, 158746.1,  32135.6, 122153.4, 122151.6, 276440.6,  45.20,  965.5,  2110.6,  33741.7,  233.1,elevators08,elevators08/p22.pddl,0.95,0.050889,0.053616,   18.65, 0.213, 0.248, 0.275,  1.30, 4.0,darkred
benchmarks/elevators08,benchmarks/elevators08/p23.pddl,PPsaFF-glcl,-1, 184161.5,207.8, 410916.0, 21614.7, 389313.6,  80077.0, 277733.7, 277741.9, 635552.6, 131.30, 2230.8,  7556.2, 118126.2,  477.5,elevators08,elevators08/p23.pddl,0.95,0.052601,0.055520,   18.01, 0.303, 0.350, 0.372,  1.22, 4.0,darkred
benchmarks/elevators08,benchmarks/elevators08/p24.pddl,PPsaFF-glcl,-1, 341659.6,277.4, 692264.1, 28157.7, 664106.2, 147129.4, 473205.4, 473242.2,1093577.0, 183.40, 4252.4, 12528.2, 230528.9,  858.5,elevators08,elevators08/p24.pddl,0.96,0.040675,0.042399,   23.59, 0.347, 0.445, 0.475,  1.37, 4.0,darkred
benchmarks/elevators08,benchmarks/elevators08/p25.pddl,PPsaFF-glcl,-1, 283968.1,317.8,1145032.0, 37725.5,1107304.5, 250743.0, 648102.5, 648124.1,1546969.6, 279.88, 7394.9, 23390.6, 519111.4, 1258.0,elevators08,elevators08/p25.pddl,0.97,0.032947,0.034070,   29.35, 0.469, 0.620, 0.653,  1.39, 4.0,darkred
benchmarks/elevators08,benchmarks/elevators08/p26.pddl,PPsaFF-glcl,-1, 783612.4,285.2,1168126.8, 33660.2,1134470.7, 300967.1, 597981.8, 598028.8,1496977.7, 271.44, 8129.0, 26252.2, 719549.0, 1592.9,elevators08,elevators08/p26.pddl,0.97,0.028816,0.029670,   33.70, 0.634, 0.780, 0.827,  1.30, 4.0,darkred
benchmarks/elevators08,benchmarks/elevators08/p27.pddl,PPsaFF-glcl,-1,1469880.9,405.3,1782263.4, 55764.6,1726502.4, 446952.0, 805644.4, 805689.3,2058285.7, 452.43,13161.0, 44776.7,1222419.3, 2380.7,elevators08,elevators08/p27.pddl,0.97,0.031289,0.032299,   30.96, 0.708, 0.803, 0.846,  1.19, 4.0,darkred
benchmarks/elevators08,benchmarks/elevators08/p29.pddl,PPsaFF-glcl,-1,2405873.0,390.7,1800235.3, 44459.3,1755782.7, 425325.0, 946992.3, 947025.7,2319343.0, 395.67,13237.7, 60347.7,2030217.0, 1919.7,elevators08,elevators08/p29.pddl,0.98,0.024696,0.025322,   39.49, 1.156, 1.357, 1.401,  1.21, 4.0,darkred
benchmarks/logistics00,benchmarks/logistics00/probLOGISTICS-10-0.pddl,PPsaFF-glcl,-1,   2896.2, 64.4,  11114.3,   228.9,  10880.4,   3062.2,   3285.8,   3286.1,   9634.1,   3.60,  188.6,   130.1,   1512.1,   37.6,logistics00,logistics00/probLOGISTICS-10-0.pddl,0.98,0.020595,0.021038,   47.53, 0.139, 0.568, 0.733,  5.27, 5.0,green4
benchmarks/logistics00,benchmarks/logistics00/probLOGISTICS-10-1.pddl,PPsaFF-glcl,-1,   2046.0, 56.5,   3923.1,    79.6,   3843.5,    982.3,   1139.0,   1139.6,   3260.9,   2.00,  125.2,    82.7,   1205.7,   20.2,logistics00,logistics00/probLOGISTICS-10-1.pddl,0.98,0.020290,0.020710,   48.29, 0.314, 1.039, 1.293,  4.12, 5.0,green4
benchmarks/logistics00,benchmarks/logistics00/probLOGISTICS-11-0.pddl,PPsaFF-glcl,-1,   3133.7, 75.3,  15750.2,   289.7,  15457.4,   4060.8,   4035.0,   4035.7,  12131.5,   3.90,  233.2,   133.9,   1654.6,   45.0,logistics00,logistics00/probLOGISTICS-11-0.pddl,0.98,0.018393,0.018742,   53.36, 0.107, 0.462, 0.618,  5.77, 5.0,green4
benchmarks/logistics00,benchmarks/logistics00/probLOGISTICS-11-1.pddl,PPsaFF-glcl,-1,   3466.0, 94.7,  21108.5,   462.4,  20638.3,   5403.7,   6112.7,   6110.5,  17626.9,   3.40,  279.0,   161.1,   1709.6,   56.4,logistics00,logistics00/probLOGISTICS-11-1.pddl,0.98,0.021906,0.022405,   44.63, 0.083, 0.348, 0.470,  5.68, 5.0,green4
benchmarks/logistics00,benchmarks/logistics00/probLOGISTICS-12-0.pddl,PPsaFF-glcl,-1,   1915.8, 56.0,   2960.9,    61.5,   2899.6,    787.8,    894.6,    894.9,   2577.3,   1.90,  104.7,    71.0,   1111.3,   17.7,logistics00,logistics00/probLOGISTICS-12-0.pddl,0.98,0.020771,0.021210,   47.15, 0.383, 1.154, 1.442,  3.76, 5.0,green4
benchmarks/logistics00,benchmarks/logistics00/probLOGISTICS-12-1.pddl,PPsaFF-glcl,-1,   8994.3,104.9,  65817.0,  1895.2,  63902.2,  16171.8,  22618.9,  22619.0,  61409.7,  10.30,  542.5,   939.0,   3387.1,  479.7,logistics00,logistics00/probLOGISTICS-12-1.pddl,0.97,0.028795,0.029658,   33.72, 0.053, 0.495, 0.749, 14.12, 5.0,green4
benchmarks/logistics00,benchmarks/logistics00/probLOGISTICS-13-0.pddl,PPsaFF-glcl,-1,  21794.1,114.7, 254887.6,  2460.5, 252382.3,  69931.5,  33428.9,  33422.5, 136782.9,   9.20, 2972.4,   972.3,  11578.1,  531.7,logistics00,logistics00/probLOGISTICS-13-0.pddl,0.99,0.009653,0.009749,  102.57, 0.046, 0.395, 0.611, 13.32, 5.0,green4
benchmarks/logistics00,benchmarks/logistics00/probLOGISTICS-13-1.pddl,PPsaFF-glcl,-1,  14872.1, 99.9, 154568.5,  3565.7, 150986.5,  39073.0,  40966.0,  40953.0, 120992.0,  14.60, 1679.8,   771.8,   8278.7,  311.8,logistics00,logistics00/probLOGISTICS-13-1.pddl,0.98,0.023069,0.023616,   42.34, 0.055, 0.216, 0.304,  5.54, 5.0,green4
benchmarks/logistics00,benchmarks/logistics00/probLOGISTICS-14-0.pddl,PPsaFF-glcl,-1,  41181.9, 88.7, 548999.3,  4532.9, 544424.6, 162111.3,  36669.8,  36666.3, 235447.4,  15.89, 6842.9,  1770.8,  21644.4, 1074.3,logistics00,logistics00/probLOGISTICS-14-0.pddl,0.99,0.008257,0.008326,  120.11, 0.040, 0.391, 0.628, 15.79, 5.0,green4
benchmarks/logistics00,benchmarks/logistics00/probLOGISTICS-14-1.pddl,PPsaFF-glcl,-1,  23994.9,103.3, 351679.1,  3351.7, 348285.2,  91084.3,  42690.2,  42684.1, 176458.6,  16.20, 4271.5,  1255.9,  14640.9,  742.9,logistics00,logistics00/probLOGISTICS-14-1.pddl,0.99,0.009531,0.009623,  103.91, 0.042, 0.375, 0.596, 14.19, 5.0,green4
benchmarks/logistics00,benchmarks/logistics00/probLOGISTICS-15-0.pddl,PPsaFF-glcl,-1,  26096.0,114.1, 398938.0,  3726.1, 395159.0, 111066.9,  57061.1,  57049.3, 225177.3,  14.56, 4051.1,  1314.2,  18559.0,  741.3,logistics00,logistics00/probLOGISTICS-15-0.pddl,0.99,0.009340,0.009429,  106.05, 0.047, 0.353, 0.552, 11.75, 5.0,green4
benchmarks/logistics00,benchmarks/logistics00/probLOGISTICS-15-1.pddl,PPsaFF-glcl,-1,   4622.1, 99.7,  14729.7,    92.7,  14620.6,   3523.7,   2040.0,   2040.3,   7604.0,   1.60,  256.3,   140.6,   2861.6,   54.9,logistics00,logistics00/probLOGISTICS-15-1.pddl,0.99,0.006293,0.006340,  157.72, 0.196, 1.517, 2.109, 10.78, 5.0,green4
benchmarks/logistics00,benchmarks/logistics00/probLOGISTICS-4-0.pddl,PPsaFF-glcl,-1,     90.9, 27.0,    336.1,    67.5,    268.8,     75.3,    213.8,    213.5,    502.6,   2.40,   13.3,    25.7,     60.8,    1.6,logistics00,logistics00/probLOGISTICS-4-0.pddl,0.80,0.200833,0.251116,    3.98, 0.226, 0.381, 0.404,  1.79, 5.0,green4
benchmarks/logistics00,benchmarks/logistics00/probLOGISTICS-5-0.pddl,PPsaFF-glcl,-1,    319.6, 35.2,   1449.7,   261.3,   1189.0,    466.9,   1179.8,   1179.6,   2826.3,   6.20,   34.1,    57.0,    193.9,    7.5,logistics00,logistics00/probLOGISTICS-5-0.pddl,0.82,0.180244,0.219765,    4.55, 0.163, 0.218, 0.247,  1.51, 5.0,green4
benchmarks/logistics00,benchmarks/logistics00/probLOGISTICS-6-0.pddl,PPsaFF-glcl,-1,    236.0, 32.6,    450.8,    62.8,    388.4,    137.3,    402.6,    402.6,    942.5,   2.10,   19.3,    31.8,    116.7,    3.6,logistics00,logistics00/probLOGISTICS-6-0.pddl,0.86,0.139308,0.161689,    6.18, 0.300, 0.506, 0.564,  1.88, 5.0,green4
benchmarks/logistics00,benchmarks/logistics00/probLOGISTICS-7-0.pddl,PPsaFF-glcl,-1,   1399.5, 49.5,   1276.9,    65.2,   1211.9,    342.4,    684.0,    684.0,   1710.4,   2.00,   52.0,    73.1,    836.3,    9.5,logistics00,logistics00/probLOGISTICS-7-0.pddl,0.95,0.051061,0.053800,   18.59, 0.690, 1.121, 1.267,  1.84, 5.0,green4
benchmarks/logistics00,benchmarks/logistics00/probLOGISTICS-8-0.pddl,PPsaFF-glcl,-1,   2006.7, 45.7,   4402.0,   178.6,   4223.4,   1352.3,   1889.0,   1888.6,   5129.9,   3.50,  112.8,    91.7,   1163.6,   22.1,logistics00,logistics00/probLOGISTICS-8-0.pddl,0.96,0.040572,0.042288,   23.65, 0.276, 0.513, 0.637,  2.31, 5.0,green4
benchmarks/logistics00,benchmarks/logistics00/probLOGISTICS-8-1.pddl,PPsaFF-glcl,-1,   2153.2, 69.8,   4510.5,   173.0,   4338.1,   1140.7,   2128.1,   2128.5,   5397.3,   3.30,  108.2,    92.4,   1112.0,   21.4,logistics00,logistics00/probLOGISTICS-8-1.pddl,0.96,0.038355,0.039879,   25.08, 0.256, 0.534, 0.658,  2.57, 5.0,green4
benchmarks/logistics00,benchmarks/logistics00/probLOGISTICS-9-0.pddl,PPsaFF-glcl,-1,   1721.2, 50.2,   2533.1,   166.5,   2366.8,    658.2,   1371.2,   1371.1,   3400.5,   3.50,   79.9,    89.2,    939.8,   14.6,logistics00,logistics00/probLOGISTICS-9-0.pddl,0.93,0.065730,0.070348,   14.22, 0.397, 0.536, 0.623,  1.57, 5.0,green4
benchmarks/logistics00,benchmarks/logistics00/probLOGISTICS-9-1.pddl,PPsaFF-glcl,-1,   1206.2, 50.7,   3956.5,   232.6,   3724.3,   1005.3,   2090.6,   2090.8,   5186.7,   4.20,   98.5,    93.9,    810.0,   17.8,logistics00,logistics00/probLOGISTICS-9-1.pddl,0.94,0.058789,0.062455,   16.01, 0.217, 0.404, 0.480,  2.21, 5.0,green4
benchmarks/openstacks,benchmarks/openstacks/p01.pddl,PPsaFF-glcl,-1,     97.7, 18.7,    282.0,   106.7,    175.4,    196.6,    105.7,    105.7,    408.0,   3.43,    6.6,    44.6,     66.3,    1.7,openstacks,openstacks/p01.pddl,0.62,0.378369,0.608324,    1.64, 0.378, 0.418, 0.434,  1.15, 6.0,lightblue
benchmarks/openstacks,benchmarks/openstacks/p02.pddl,PPsaFF-glcl,-1,     98.4, 19.3,    289.0,   109.6,    179.6,    199.0,    108.4,    108.7,    416.1,   3.29,    8.0,    46.9,     62.3,    1.7,openstacks,openstacks/p02.pddl,0.62,0.379239,0.610245,    1.64, 0.347, 0.428, 0.443,  1.28, 6.0,lightblue
benchmarks/openstacks,benchmarks/openstacks/p03.pddl,PPsaFF-glcl,-1,     94.1, 19.3,    264.4,    95.9,    168.9,    180.6,     95.6,     95.6,    371.7,   2.14,    6.6,    45.7,     66.3,    1.6,openstacks,openstacks/p03.pddl,0.64,0.362708,0.567792,    1.76, 0.393, 0.477, 0.493,  1.26, 6.0,lightblue
benchmarks/openstacks,benchmarks/openstacks/p04.pddl,PPsaFF-glcl,-1,    373.0, 35.6,    782.4,   291.1,    491.4,    584.7,    290.0,    289.9,   1164.6,   6.71,   17.3,   174.4,    286.0,    3.7,openstacks,openstacks/p04.pddl,0.63,0.372060,0.592389,    1.69, 0.582, 0.599, 0.612,  1.05, 6.0,lightblue
benchmarks/openstacks,benchmarks/openstacks/p05.pddl,PPsaFF-glcl,-1,    358.1, 35.4,    690.0,   266.1,    424.0,    517.1,    264.1,    264.4,   1045.7,   7.00,   12.7,   177.0,    272.6,    3.6,openstacks,openstacks/p05.pddl,0.61,0.385652,0.627594,    1.59, 0.643, 0.665, 0.679,  1.06, 6.0,lightblue
benchmarks/openstacks,benchmarks/openstacks/p06.pddl,PPsaFF-glcl,-1,  16974.1, 37.3, 330240.4,180380.7, 149900.0, 182937.9, 171609.6, 171543.6, 526091.0, 783.57, 1182.6,  8426.6,   6785.1,  649.0,openstacks,openstacks/p06.pddl,0.45,0.546210,1.203340,    0.83, 0.045, 0.047, 0.050,  1.11, 6.0,lightblue
benchmarks/openstacks,benchmarks/openstacks/p07.pddl,PPsaFF-glcl,-1, 108670.7, 55.7,1325167.6,725914.6, 599315.9, 728678.9, 656379.4, 656348.0,2041406.3,3726.43, 4635.6, 59392.1,  51607.4, 4273.0,openstacks,openstacks/p07.pddl,0.45,0.547791,1.211239,    0.83, 0.086, 0.082, 0.088,  1.02, 6.0,lightblue
benchmarks/openstacks,benchmarks/openstacks/p08.pddl,PPsaFF-glcl,-1,  37229.2, 55.8, 454400.0,277154.2, 177269.7, 249671.3, 203061.8, 203066.2, 655799.3,1323.17, 2357.3, 23587.2,  16448.2, 1185.2,openstacks,openstacks/p08.pddl,0.39,0.609934,1.563461,    0.64, 0.093, 0.085, 0.089,  0.96, 6.0,lightblue
benchmarks/openstacks,benchmarks/openstacks/p09.pddl,PPsaFF-glcl,-1, 129791.6, 56.0,1615910.0,904383.0, 711620.7, 866858.4, 792982.3, 792827.6,2452668.3,5090.00, 5810.0, 73740.1,  60638.9, 5069.6,openstacks,openstacks/p09.pddl,0.44,0.559674,1.270878,    0.79, 0.085, 0.082, 0.087,  1.02, 6.0,lightblue
benchmarks/openstacks,benchmarks/openstacks/p10.pddl,PPsaFF-glcl,-1,    648.0, 79.0,   1864.0,   470.5,   1394.0,   1540.0,    470.0,    470.5,   2480.5,   2.50,   26.0,   250.5,    633.5,    7.5,openstacks,openstacks/p10.pddl,0.75,0.252414,0.337518,    2.96, 0.454, 0.532, 0.548,  1.21, 6.0,lightblue
benchmarks/openstacks,benchmarks/openstacks/p11.pddl,PPsaFF-glcl,-1,    738.0, 75.0,   2520.0,   720.0,   1800.0,   2076.0,    719.0,    720.0,   3515.0,   5.50,   28.0,   282.5,    729.0,    4.0,openstacks,openstacks/p11.pddl,0.71,0.285714,0.400000,    2.50, 0.405, 0.392, 0.398,  0.98, 6.0,lightblue
benchmarks/openstacks,benchmarks/openstacks/p12.pddl,PPsaFF-glcl,-1,   1606.5, 78.0,   9627.5,  4462.5,   5165.0,   6675.5,   2874.0,   2875.0,  12424.5,  20.50,   49.0,   871.5,   1298.5,   17.0,openstacks,openstacks/p12.pddl,0.54,0.463516,0.863988,    1.16, 0.251, 0.195, 0.199,  0.79, 6.0,lightblue
benchmarks/openstacks,benchmarks/openstacks/p13.pddl,PPsaFF-glcl,-1,   2491.1,108.9,   6557.4,  1598.1,   4959.6,   5464.6,   1597.6,   1598.1,   8660.3,  10.86,   49.1,   821.1,   2788.6,    9.0,openstacks,openstacks/p13.pddl,0.76,0.243709,0.322224,    3.10, 0.562, 0.514, 0.519,  0.92, 6.0,lightblue
benchmarks/openstacks,benchmarks/openstacks/p14.pddl,PPsaFF-glcl,-1,  14134.4,112.4,  61257.6, 37720.7,  23537.7,  44040.0,  15149.1,  15149.6,  74338.7, 176.86,  224.0, 11788.0,   9302.4,   79.9,openstacks,openstacks/p14.pddl,0.38,0.615772,1.602565,    0.62, 0.395, 0.313, 0.315,  0.80, 6.0,lightblue
benchmarks/openstacks,benchmarks/openstacks/p15.pddl,PPsaFF-glcl,-1,   1907.9,111.1,   4660.9,   983.0,   3678.3,   3881.0,    982.4,    983.0,   5846.4,   7.86,   44.1,   608.0,   2201.9,    7.6,openstacks,openstacks/p15.pddl,0.79,0.210903,0.267243,    3.74, 0.599, 0.619, 0.626,  1.05, 6.0,lightblue
benchmarks/openstacks,benchmarks/openstacks/p16.pddl,PPsaFF-glcl,-1,   8382.7,147.9,  10893.1,  2175.9,   8718.0,   9395.4,   2172.6,   2172.9,  13740.9,  18.14,   91.1,  2448.4,  10607.6,   12.9,openstacks,openstacks/p16.pddl,0.80,0.199750,0.249587,    4.01, 1.217, 1.125, 1.131,  0.93, 6.0,lightblue
benchmarks/openstacks,benchmarks/openstacks/p17.pddl,PPsaFF-glcl,-1,  10128.6,150.6,  13648.0,  2930.0,  10718.4,  11998.9,   2923.4,   2924.0,  17846.3,  24.00,  110.6,  3134.0,  12359.3,   14.9,openstacks,openstacks/p17.pddl,0.79,0.214683,0.273362,    3.66, 1.153, 1.070, 1.075,  0.93, 6.0,lightblue
benchmarks/openstacks,benchmarks/openstacks/p18.pddl,PPsaFF-glcl,-1,   9337.8,149.0,  13543.2,  2720.5,  10823.2,  11796.7,   2715.5,   2716.3,  17228.5,  17.83,  104.8,  2702.0,  11970.7,   17.2,openstacks,openstacks/p18.pddl,0.80,0.200876,0.251358,    3.98, 1.106, 0.993, 1.000,  0.90, 6.0,lightblue
benchmarks/openstacks,benchmarks/openstacks/p19.pddl,PPsaFF-glcl,-1,  30090.2,185.0,  23774.8,  5519.5,  18255.5,  21344.2,   5513.0,   5514.0,  32371.2,  56.00,  201.0,  8503.5,  38499.8,   22.8,openstacks,openstacks/p19.pddl,0.77,0.232158,0.302347,    3.31, 2.109, 1.541, 1.545,  0.73, 6.0,lightblue
benchmarks/openstacks,benchmarks/openstacks/p20.pddl,PPsaFF-glcl,-1, 314376.3,193.3, 241224.7,114821.0, 126405.3, 229722.3,  60698.7,  60699.7, 351120.7,1018.00, 1577.3,227542.0, 271687.3,  304.0,openstacks,openstacks/p20.pddl,0.52,0.475992,0.908356,    1.10, 2.149, 1.982, 1.984,  0.92, 6.0,lightblue
benchmarks/openstacks,benchmarks/openstacks/p21.pddl,PPsaFF-glcl,-1, 133919.3,186.8, 123425.2, 66981.5,  56445.0, 113190.0,  20543.5,  20544.8, 154278.3, 469.83,  870.8,114842.8, 111424.5,  168.3,openstacks,openstacks/p21.pddl,0.46,0.542689,1.186668,    0.84, 1.974, 1.715, 1.717,  0.87, 6.0,lightblue
benchmarks/openstacks,benchmarks/openstacks/p22.pddl,PPsaFF-glcl,-1,  50206.2,223.8,  21883.5,  3977.0,  17907.5,  18946.2,   3966.2,   3967.2,  26879.5,  43.33,  212.5, 10377.2,  75025.2,   28.7,openstacks,openstacks/p22.pddl,0.82,0.181735,0.222086,    4.50, 4.190, 2.609, 2.617,  0.62, 6.0,lightblue
benchmarks/openstacks,benchmarks/openstacks/p23.pddl,PPsaFF-glcl,-1,  35730.7,225.3,  13428.0,  1680.0,  11748.0,  10915.7,   1679.0,   1680.0,  14274.7,  18.67,  152.3,  5371.7,  58733.0,   22.3,openstacks,openstacks/p23.pddl,0.87,0.125112,0.143003,    6.99, 4.999, 3.197, 3.211,  0.64, 6.0,lightblue
benchmarks/openstacks,benchmarks/openstacks/p24.pddl,PPsaFF-glcl,-1, 102679.5,217.8,  41519.2, 12960.0,  28559.2,  33976.2,  12959.2,  12960.2,  59895.8, 118.00,  368.5, 31042.0, 128086.2,   57.0,openstacks,openstacks/p24.pddl,0.69,0.312145,0.453794,    2.20, 4.485, 2.395, 2.400,  0.54, 6.0,lightblue
benchmarks/openstacks,benchmarks/openstacks/p25.pddl,PPsaFF-glcl,-1, 578619.0,318.0, 152162.0, 30013.0, 122149.0, 142294.0,  30014.0,  30014.0, 202322.0, 324.00, 1443.0,130609.0, 819413.0,  257.0,openstacks,openstacks/p25.pddl,0.80,0.197244,0.245708,    4.07, 6.708, 4.352, 4.360,  0.65, 6.0,lightblue
benchmarks/openstacks,benchmarks/openstacks/p26.pddl,PPsaFF-glcl,-1, 852566.7,292.7, 206814.3, 33279.3, 173536.0, 186367.7,  33278.3,  33279.3, 252925.3, 426.00, 2247.3,152927.3,1293731.3,  263.3,openstacks,openstacks/p26.pddl,0.84,0.160914,0.191772,    5.21, 7.455, 4.595, 4.603,  0.62, 6.0,lightblue
benchmarks/openstacks,benchmarks/openstacks/p27.pddl,PPsaFF-glcl,-1, 253149.0,283.0,  69932.0,  6877.0,  63055.0,  61098.0,   6876.0,   6877.0,  74851.0,  86.00,  762.0, 30987.0, 423974.0,   66.0,openstacks,openstacks/p27.pddl,0.90,0.098338,0.109064,    9.17, 6.724, 4.506, 4.515,  0.67, 6.0,lightblue
benchmarks/openstacks,benchmarks/openstacks/p28.pddl,PPsaFF-glcl,-1,1077254.0,391.0, 129966.0, 14811.0, 115155.0, 122817.0,  14811.0,  14811.0, 152439.0, 199.00, 1742.0,130577.0,1791771.0,  182.0,openstacks,openstacks/p28.pddl,0.89,0.113961,0.128618,    7.77,15.560, 8.816, 8.829,  0.57, 6.0,lightblue
benchmarks/rovers,benchmarks/rovers/p03.pddl,PPsaFF-glcl,-1,     42.4, 13.9,    139.2,    64.4,     74.8,     24.6,     43.8,     43.9,    112.3,   4.20,    4.2,    24.8,     20.4,    1.0,rovers,rovers/p03.pddl,0.54,0.462644,0.860963,    1.16, 0.273, 0.385, 0.401,  1.47, 7.0,black
benchmarks/rovers,benchmarks/rovers/p04.pddl,PPsaFF-glcl,-1,     32.0,  8.0,     73.1,    32.7,     40.4,     12.9,     31.7,     31.7,     76.3,   1.10,    4.0,    15.1,     15.8,    2.0,rovers,rovers/p04.pddl,0.55,0.447332,0.809406,    1.24, 0.391, 0.462, 0.523,  1.34, 7.0,black
benchmarks/rovers,benchmarks/rovers/p05.pddl,PPsaFF-glcl,-1,    482.3, 24.5,    393.7,   178.2,    215.8,     24.2,    173.4,    173.6,    371.2,   7.50,    9.9,   109.4,    166.7,    2.7,rovers,rovers/p05.pddl,0.55,0.452629,0.825765,    1.21, 0.772, 0.614, 0.629,  0.81, 7.0,black
benchmarks/rovers,benchmarks/rovers/p06.pddl,PPsaFF-glcl,-1,    580.2, 40.9,    585.5,   295.8,    289.8,     34.7,    242.9,    242.9,    520.5,  12.10,   10.5,   195.0,    253.5,    4.2,rovers,rovers/p06.pddl,0.49,0.505209,1.020704,    0.98, 0.875, 0.659, 0.673,  0.77, 7.0,black
benchmarks/rovers,benchmarks/rovers/p07.pddl,PPsaFF-glcl,-1,    521.5, 26.9,   1050.3,   316.8,    734.0,    137.1,    491.1,    491.2,   1119.4,   8.80,   31.4,   143.8,    353.0,    9.7,rovers,rovers/p07.pddl,0.70,0.301628,0.431608,    2.32, 0.481, 0.454, 0.485,  1.01, 7.0,black
benchmarks/rovers,benchmarks/rovers/p08.pddl,PPsaFF-glcl,-1,    901.0, 37.5,   1094.5,   222.7,    872.0,    144.7,    661.7,    661.8,   1468.2,   5.90,   40.3,   162.6,    644.2,   10.1,rovers,rovers/p08.pddl,0.80,0.203472,0.255390,    3.92, 0.739, 0.730, 0.775,  1.05, 7.0,black
benchmarks/rovers,benchmarks/rovers/p09.pddl,PPsaFF-glcl,-1,   1060.2, 38.8,   2894.2,   693.2,   2201.6,    175.6,   1345.4,   1345.2,   2866.2,  20.20,   72.9,   226.8,    735.4,   16.4,rovers,rovers/p09.pddl,0.76,0.239514,0.314862,    3.18, 0.334, 0.327, 0.351,  1.05, 7.0,black
benchmarks/rovers,benchmarks/rovers/p10.pddl,PPsaFF-glcl,-1,    607.4, 45.3,   1373.1,   290.7,   1082.0,    168.6,    659.5,    659.8,   1487.9,   6.90,   47.7,   119.5,    427.9,    9.4,rovers,rovers/p10.pddl,0.79,0.211711,0.268669,    3.72, 0.395, 0.411, 0.443,  1.12, 7.0,black
benchmarks/rovers,benchmarks/rovers/p11.pddl,PPsaFF-glcl,-1,    407.2, 43.0,   1711.5,   357.3,   1354.4,    112.4,    722.2,    721.9,   1556.5,   8.80,   66.9,   120.0,    393.0,   16.6,rovers,rovers/p11.pddl,0.79,0.208764,0.263807,    3.79, 0.290, 0.336, 0.382,  1.32, 7.0,black
benchmarks/rovers,benchmarks/rovers/p12.pddl,PPsaFF-glcl,-1,    381.7, 29.7,    565.8,    66.8,    499.2,     49.7,    138.4,    135.8,    323.9,   2.70,   29.0,    85.1,    468.8,    7.9,rovers,rovers/p12.pddl,0.88,0.118063,0.133814,    7.47, 0.939, 1.274, 1.392,  1.48, 7.0,black
benchmarks/rovers,benchmarks/rovers/p13.pddl,PPsaFF-glcl,-1,   1231.3, 55.6,   4655.0,  1045.8,   3611.5,    444.0,   2597.8,   2597.9,   5639.7,  17.80,   78.1,   226.7,    535.6,   17.9,rovers,rovers/p13.pddl,0.78,0.224662,0.289575,    3.45, 0.148, 0.217, 0.234,  1.58, 7.0,black
benchmarks/rovers,benchmarks/rovers/p14.pddl,PPsaFF-glcl,-1,    664.0, 41.0,   5328.2,  1105.8,   4223.5,    177.4,   1606.2,   1605.4,   3389.0,  20.60,   94.3,   207.1,    548.0,   25.9,rovers,rovers/p14.pddl,0.79,0.207537,0.261821,    3.82, 0.130, 0.187, 0.211,  1.62, 7.0,black
benchmarks/rovers,benchmarks/rovers/p15.pddl,PPsaFF-glcl,-1,    823.7, 53.7,   3440.3,   878.3,   2564.4,    268.6,   2389.0,   2389.5,   5047.1,  13.90,   55.4,   171.4,    339.0,   12.8,rovers,rovers/p15.pddl,0.75,0.255298,0.342497,    2.92, 0.132, 0.195, 0.210,  1.59, 7.0,black
benchmarks/rovers,benchmarks/rovers/p16.pddl,PPsaFF-glcl,-1,    967.3, 53.9,   4865.5,   938.9,   3928.5,    492.4,   2029.8,   2029.8,   4552.0,  15.50,   76.7,   196.0,    562.1,   16.9,rovers,rovers/p16.pddl,0.81,0.192971,0.238997,    4.18, 0.143, 0.209, 0.227,  1.58, 7.0,black
benchmarks/rovers,benchmarks/rovers/p17.pddl,PPsaFF-glcl,-1,   1996.4, 75.3,   6692.9,   735.7,   5959.3,    324.5,   2470.3,   2470.5,   5265.3,  11.30,  126.4,   226.1,   1035.1,   26.6,rovers,rovers/p17.pddl,0.89,0.109922,0.123454,    8.10, 0.174, 0.307, 0.343,  1.98, 7.0,black
benchmarks/rovers,benchmarks/rovers/p18.pddl,PPsaFF-glcl,-1,   3897.3, 63.4,  24076.1,  3534.7,  20546.0,   1598.2,  11486.2,  11484.0,  24568.4,  33.00,  227.5,   681.2,   2797.3,   44.9,rovers,rovers/p18.pddl,0.85,0.146814,0.172038,    5.81, 0.136, 0.193, 0.205,  1.51, 7.0,black
benchmarks/rovers,benchmarks/rovers/p19.pddl,PPsaFF-glcl,-1,   8082.7, 95.3,  53109.8,  8214.9,  44910.0,   1632.1,  19928.6,  19924.6,  41485.3,  45.30,  389.1,  1063.5,   4635.8,   95.4,rovers,rovers/p19.pddl,0.85,0.154678,0.182919,    5.47, 0.103, 0.129, 0.141,  1.37, 7.0,black
benchmarks/rovers,benchmarks/rovers/p20.pddl,PPsaFF-glcl,-1,   6370.8,124.8,  16602.9,  1604.8,  15004.9,    572.3,   8481.9,   8479.3,  17533.5,  14.20,  214.1,   663.2,   3242.3,   39.3,rovers,rovers/p20.pddl,0.90,0.096658,0.106952,    9.35, 0.216, 0.413, 0.438,  2.03, 7.0,black
benchmarks/satellites,benchmarks/satellites/p03-pfile3.pddl,PPsaFF-glcl,-1,    236.6, 19.7,    408.1,   207.5,    200.9,    130.4,    207.9,    207.9,    546.2,  12.60,   10.4,    97.3,    138.1,    1.8,satellites,satellites/p03-pfile3.pddl,0.49,0.508454,1.032852,    0.97, 0.687, 0.469, 0.478,  0.69, 8.0,gray50
benchmarks/satellites,benchmarks/satellites/p04-pfile4.pddl,PPsaFF-glcl,-1,    460.0, 28.1,    940.2,   466.8,    473.5,    330.2,    465.7,    465.7,   1261.6,  16.20,   14.8,   143.3,    213.2,    6.0,satellites,satellites/p04-pfile4.pddl,0.50,0.496490,0.985850,    1.01, 0.450, 0.307, 0.320,  0.71, 8.0,gray50
benchmarks/satellites,benchmarks/satellites/p05-pfile5.pddl,PPsaFF-glcl,-1,    651.9, 23.2,   1847.3,   550.8,   1297.4,    903.2,   1080.5,   1079.0,   3062.7,  16.00,   37.0,   140.8,    428.4,    8.8,satellites,satellites/p05-pfile5.pddl,0.70,0.298165,0.424541,    2.36, 0.330, 0.256, 0.272,  0.82, 8.0,gray50
benchmarks/satellites,benchmarks/satellites/p06-pfile6.pddl,PPsaFF-glcl,-1,    504.0, 23.9,   1290.0,   531.8,    758.5,     18.9,    647.9,    647.4,   1314.2,  29.00,   48.2,   155.0,    327.0,   14.1,satellites,satellites/p06-pfile6.pddl,0.59,0.412248,0.701121,    1.43, 0.431, 0.291, 0.318,  0.74, 8.0,gray50
benchmarks/satellites,benchmarks/satellites/p07-pfile7.pddl,PPsaFF-glcl,-1,    666.4, 34.8,   2801.6,   659.1,   2143.1,    890.1,   1477.4,   1477.5,   3845.0,  16.00,   66.0,   148.2,    477.5,   14.0,satellites,satellites/p07-pfile7.pddl,0.76,0.235258,0.307545,    3.25, 0.223, 0.225, 0.246,  1.10, 8.0,gray50
benchmarks/satellites,benchmarks/satellites/p08-pfile8.pddl,PPsaFF-glcl,-1,    724.5, 36.9,   4058.6,  1514.0,   2546.0,     41.7,   4119.2,   4118.8,   8279.7,  38.10,   60.3,   252.7,    327.8,   19.9,satellites,satellites/p08-pfile8.pddl,0.63,0.373035,0.594658,    1.68, 0.129, 0.167, 0.180,  1.40, 8.0,gray50
benchmarks/satellites,benchmarks/satellites/p09-pfile9.pddl,PPsaFF-glcl,-1,   1252.8, 44.3,   4600.1,   502.3,   4098.4,   1982.5,   2010.5,   2010.3,   6003.3,  14.10,  190.9,   170.8,    978.1,   42.1,satellites,satellites/p09-pfile9.pddl,0.89,0.109193,0.122560,    8.16, 0.239, 0.340, 0.424,  1.78, 8.0,gray50
benchmarks/satellites,benchmarks/satellites/p10-pfile10.pddl,PPsaFF-glcl,-1,   1670.3, 43.1,   5261.1,  1398.9,   3863.9,    494.1,   5152.4,   5151.8,  10798.3,  55.50,  156.7,   343.4,    667.6,   41.1,satellites,satellites/p10-pfile10.pddl,0.73,0.265895,0.362044,    2.76, 0.173, 0.245, 0.275,  1.59, 8.0,gray50
benchmarks/satellites,benchmarks/satellites/p11-pfile11.pddl,PPsaFF-glcl,-1,   2498.7, 64.6,   7363.0,   868.2,   6496.5,   3205.3,   3381.9,   3382.0,   9969.2,  22.00,  209.9,   268.4,   1889.0,   49.1,satellites,satellites/p11-pfile11.pddl,0.88,0.117914,0.133641,    7.48, 0.291, 0.309, 0.366,  1.26, 8.0,gray50
benchmarks/satellites,benchmarks/satellites/p12-pfile12.pddl,PPsaFF-glcl,-1,   2182.0, 53.6,  10868.0,  3525.6,   7344.9,     82.7,  12741.1,  12739.3,  25563.1, 113.70,  218.4,   658.6,   1810.6,   66.0,satellites,satellites/p12-pfile12.pddl,0.68,0.324402,0.480007,    2.08, 0.247, 0.187, 0.206,  0.83, 8.0,gray50
benchmarks/satellites,benchmarks/satellites/p13-pfile13.pddl,PPsaFF-glcl,-1,   8303.4, 85.6,  49318.3,  4537.2,  44790.0,  23696.6,  18150.3,  18142.4,  59989.3,  47.60,  624.5,   912.7,   6408.4,  202.7,satellites,satellites/p13-pfile13.pddl,0.91,0.091998,0.101299,    9.87, 0.143, 0.201, 0.246,  1.72, 8.0,gray50
benchmarks/satellites,benchmarks/satellites/p14-pfile14.pddl,PPsaFF-glcl,-1,   2764.3, 56.2,   6193.5,   356.0,   5837.8,   2461.6,   1781.8,   1781.5,   6024.9,  10.80,  207.4,   220.5,   2060.3,   54.2,satellites,satellites/p14-pfile14.pddl,0.94,0.057480,0.060982,   16.40, 0.353, 0.619, 0.772,  2.19, 8.0,gray50
benchmarks/satellites,benchmarks/satellites/p15-pfile15.pddl,PPsaFF-glcl,-1,  13075.0,107.1,  26693.5,   141.4,  26554.9,  16856.4,   1000.4,   1000.0,  18856.8,   2.50,  472.5,  2338.9,   5626.9, 1031.6,satellites,satellites/p15-pfile15.pddl,0.99,0.005297,0.005325,  187.80, 0.212,16.541,23.837,112.49, 8.0,gray50
benchmarks/satellites,benchmarks/satellites/p16-pfile16.pddl,PPsaFF-glcl,-1,   7382.8, 85.1,  15223.9,   222.6,  14992.2,   5606.9,   1800.5,   1800.2,   9207.6,   4.80,  763.3,   457.1,   4214.2,  156.4,satellites,satellites/p16-pfile16.pddl,0.98,0.014622,0.014848,   67.35, 0.281, 2.053, 2.756,  9.80, 8.0,gray50
benchmarks/satellites,benchmarks/satellites/p17-pfile17.pddl,PPsaFF-glcl,-1,   7084.3, 72.7,  11675.7,   131.0,  11552.6,   2267.1,    852.4,    852.6,   3972.1,   7.30,  623.0,  1086.2,   3806.1,  474.0,satellites,satellites/p17-pfile17.pddl,0.99,0.011220,0.011339,   88.19, 0.329, 8.292,11.910, 36.15, 8.0,gray50
benchmarks/satellites,benchmarks/satellites/p18-pfile18.pddl,PPsaFF-glcl,-1,   3682.0, 51.5,  14830.5,  5480.5,   9355.6,     61.8,  17415.3,  17404.3,  34881.4, 134.60,  286.5,   706.8,   1821.3,   93.4,satellites,satellites/p18-pfile18.pddl,0.63,0.369542,0.585799,    1.71, 0.195, 0.129, 0.146,  0.75, 8.0,gray50
benchmarks/satellites,benchmarks/satellites/p19-pfile19.pddl,PPsaFF-glcl,-1,   5779.3,113.4,  29142.4,  6119.0,  23029.5,   4527.1,  24136.2,  24128.3,  52791.6,  55.60,  385.3,   923.2,   3704.8,  124.0,satellites,satellites/p19-pfile19.pddl,0.79,0.209969,0.265703,    3.76, 0.161, 0.151, 0.171,  1.06, 8.0,gray50
benchmarks/satellites,benchmarks/satellites/p20-pfile20.pddl,PPsaFF-glcl,-1,   8079.9,124.7,  38061.4,  9043.2,  29025.4,   4439.3,  34830.3,  34819.5,  74089.1,  87.50,  458.6,  1576.3,   5789.5,  129.4,satellites,satellites/p20-pfile20.pddl,0.76,0.237595,0.311562,    3.21, 0.199, 0.174, 0.189,  0.95, 8.0,gray50
benchmarks/woodworking08,benchmarks/woodworking08/p01.pddl,PPsaFF-glcl,-1,    407.8,  6.2,    187.5,    12.5,    175.0,    109.0,     81.5,     76.0,    266.5,   0.75,   10.5,   138.0,    779.2,   12.2,woodworking08,woodworking08/p01.pddl,0.93,0.066667,0.071429,   14.00, 4.453,11.040,12.016,  2.70, 9.0,lightsalmon4
benchmarks/woodworking08,benchmarks/woodworking08/p02.pddl,PPsaFF-glcl,-1,   2210.0, 15.2,   2719.5,    31.2,   2689.5,   1969.5,    166.2,    166.5,   2302.2,   0.75,   77.8,   246.8,   1713.0,   43.0,woodworking08,woodworking08/p02.pddl,0.99,0.011473,0.011601,   86.20, 0.637, 7.910, 9.288, 14.58, 9.0,lightsalmon4
benchmarks/woodworking08,benchmarks/woodworking08/p03.pddl,PPsaFF-glcl,-1,   6571.7, 25.7,  12772.7,    33.7,  12738.7,  11140.7,    203.7,    203.3,  11547.7,   1.33,  132.0,   592.3,   7957.0,   19.7,woodworking08,woodworking08/p03.pddl,1.00,0.002638,0.002645,  378.00, 0.625,17.576,18.160, 29.07, 9.0,lightsalmon4
benchmarks/woodworking08,benchmarks/woodworking08/p04.pddl,PPsaFF-glcl,-1, 169168.0, 52.0, 285284.0, 55513.0, 229788.0, 198646.0,    311.0,    309.0, 199266.0, 260.00, 1683.0, 67577.0, 268927.0,  338.0,woodworking08,woodworking08/p04.pddl,0.81,0.194589,0.241584,    4.14, 1.170, 1.217, 1.223,  1.05, 9.0,lightsalmon4
benchmarks/woodworking08,benchmarks/woodworking08/p11.pddl,PPsaFF-glcl,-1,    926.8,  5.0,    124.0,    14.2,    110.0,     63.5,     26.5,     25.5,    115.5,   1.00,    8.5,   180.0,    526.0,   47.5,woodworking08,woodworking08/p11.pddl,0.89,0.114516,0.129091,    7.75, 4.782,12.676,16.021,  3.35, 9.0,lightsalmon4
benchmarks/woodworking08,benchmarks/woodworking08/p12.pddl,PPsaFF-glcl,-1,  30431.0, 14.0, 115644.0, 33305.0,  82365.7,  41293.0,  17834.3,  17834.0,  76961.3, 100.67,  624.3,  8256.7,  18421.0,  933.3,woodworking08,woodworking08/p12.pddl,0.71,0.287996,0.404355,    2.47, 0.224, 0.248, 0.276,  1.23, 9.0,lightsalmon4
benchmarks/woodworking08,benchmarks/woodworking08/p14.pddl,PPsaFF-glcl,-1,  89645.3, 33.3,  60879.7, 11990.7,  48892.7,  41278.3,    207.0,    205.7,  41691.0,  62.33,  516.3, 25287.0, 116396.7,   62.7,woodworking08,woodworking08/p14.pddl,0.80,0.196957,0.245245,    4.08, 2.381, 2.109, 2.114,  0.89, 9.0,lightsalmon4
benchmarks/woodworking08,benchmarks/woodworking08/p16.pddl,PPsaFF-glcl,-1,1754649.0, 54.0, 487495.0,    46.0, 487451.0, 458120.0,    288.0,    285.0, 458693.0,   1.00, 6120.0,  1628.0,2881590.0,  802.0,woodworking08,woodworking08/p16.pddl,1.00,0.000094,0.000094,10596.76, 5.912,35.391,52.826,  8.94, 9.0,lightsalmon4
benchmarks/woodworking08,benchmarks/woodworking08/p21.pddl,PPsaFF-glcl,-1,   1431.5, 11.8,   4672.0,   380.5,   4292.0,   2453.8,   1088.5,   1085.0,   4627.2,   3.75,  116.0,   231.5,    837.8,   71.5,woodworking08,woodworking08/p21.pddl,0.92,0.081443,0.088653,   11.28, 0.195, 0.608, 0.796,  4.08, 9.0,lightsalmon4
benchmarks/woodworking08,benchmarks/woodworking08/p22.pddl,PPsaFF-glcl,-1,   1161.5, 13.8,   1865.0,    26.8,   1838.2,   1334.0,    176.2,    174.8,   1685.0,   1.00,   58.0,   281.8,   1584.0,   11.8,woodworking08,woodworking08/p22.pddl,0.99,0.014370,0.014579,   68.59, 0.862,10.515,10.955, 12.71, 9.0,lightsalmon4
benchmarks/woodworking08,benchmarks/woodworking08/p23.pddl,PPsaFF-glcl,-1,   8759.0, 25.0,  28480.0,  2025.0,  26453.0,  22931.0,    190.0,    191.0,  23312.0,   9.00,  217.0,  1568.0,  12962.0,   40.0,woodworking08,woodworking08/p23.pddl,0.93,0.071103,0.076551,   13.06, 0.490, 0.774, 0.794,  1.62, 9.0,lightsalmon4
benchmarks/woodworking08,benchmarks/woodworking08/p24.pddl,PPsaFF-glcl,-1, 240051.0, 37.0, 232123.0,    49.0, 232078.0, 209544.0,    297.0,    296.0, 210137.0,   2.00, 2074.0,  1051.0, 455288.0,  331.0,woodworking08,woodworking08/p24.pddl,1.00,0.000211,0.000211, 4736.29, 1.962,21.449,28.204, 14.38, 9.0,lightsalmon4
benchmarks/woodworking08,benchmarks/woodworking08/p26.pddl,PPsaFF-glcl,-1,1717977.5, 63.5, 473340.0,105346.5, 367998.0, 352685.5,    281.5,    281.0, 353248.0, 700.50, 4847.5,590300.0,1968274.5,  703.5,woodworking08,woodworking08/p26.pddl,0.78,0.222560,0.286269,    3.49, 5.349, 5.603, 5.610,  1.05, 9.0,lightsalmon4
benchmarks/zenotravel,benchmarks/zenotravel/pfile10.pddl,PPsaFF-glcl,-1,    565.7, 43.0,   3132.0,   520.3,   2613.6,   1697.9,   1628.1,   1628.7,   4954.7,  10.20,   40.6,   112.4,    416.4,    9.4,zenotravel,zenotravel/pfile10.pddl,0.83,0.166124,0.199074,    5.02, 0.159, 0.216, 0.234,  1.47,10.0,darkgoldenrod1
benchmarks/zenotravel,benchmarks/zenotravel/pfile12.pddl,PPsaFF-glcl,-1,    943.7, 39.4,   3718.0,  1123.0,   2596.2,   1230.7,   2994.8,   2995.6,   7221.1,  20.70,   37.9,   225.8,    460.2,    9.7,zenotravel,zenotravel/pfile12.pddl,0.70,0.302044,0.432555,    2.31, 0.177, 0.201, 0.210,  1.18,10.0,darkgoldenrod1
benchmarks/zenotravel,benchmarks/zenotravel/pfile13.pddl,PPsaFF-glcl,-1,   1032.6, 50.3,   5515.5,  1076.9,   4440.5,   2643.6,   4155.8,   4156.3,  10955.7,  11.80,   58.3,   225.1,    756.7,   11.2,zenotravel,zenotravel/pfile13.pddl,0.81,0.195250,0.242518,    4.12, 0.170, 0.209, 0.219,  1.29,10.0,darkgoldenrod1
benchmarks/zenotravel,benchmarks/zenotravel/pfile14.pddl,PPsaFF-glcl,-1,   3162.9, 55.0,   7448.9,   179.2,   7267.6,   4352.0,   1137.0,   1136.9,   6625.9,   7.20,  124.8,   163.8,   2256.6,   23.4,zenotravel,zenotravel/pfile14.pddl,0.98,0.024057,0.024657,   40.56, 0.311, 0.914, 1.045,  3.36,10.0,darkgoldenrod1
benchmarks/zenotravel,benchmarks/zenotravel/pfile15.pddl,PPsaFF-glcl,-1,   2807.6, 64.0,   8943.6,  1101.8,   7842.1,   2507.9,   5314.8,   5314.5,  13137.2,  14.90,   98.4,   463.7,   2725.3,   17.7,zenotravel,zenotravel/pfile15.pddl,0.88,0.123194,0.140498,    7.12, 0.348, 0.421, 0.437,  1.26,10.0,darkgoldenrod1
benchmarks/zenotravel,benchmarks/zenotravel/pfile16.pddl,PPsaFF-glcl,-1,   5794.7, 80.2,  15599.7,   611.3,  14988.1,   7746.3,   3008.2,   3008.2,  13762.7,   5.20,  142.5,   429.7,   6298.2,   25.1,zenotravel,zenotravel/pfile16.pddl,0.96,0.039187,0.040786,   24.52, 0.420, 0.703, 0.744,  1.77,10.0,darkgoldenrod1
benchmarks/zenotravel,benchmarks/zenotravel/pfile17.pddl,PPsaFF-glcl,-1,  12636.4,112.1,  24830.6,    77.0,  24753.6,  16857.3,    506.6,    505.8,  17869.7,   2.90,  192.7,   279.1,  16584.5,   32.3,zenotravel,zenotravel/pfile17.pddl,1.00,0.003101,0.003111,  321.48, 0.670, 3.625, 4.044,  6.04,10.0,darkgoldenrod1
benchmarks/zenotravel,benchmarks/zenotravel/pfile18.pddl,PPsaFF-glcl,-1,  15458.0,110.3,  18534.6,   583.6,  17952.1,   6702.9,   5551.7,   5551.2,  17805.8,   3.10,  174.0,   716.7,  15190.0,   28.9,zenotravel,zenotravel/pfile18.pddl,0.97,0.031487,0.032509,   30.76, 0.846, 1.228, 1.278,  1.51,10.0,darkgoldenrod1
benchmarks/zenotravel,benchmarks/zenotravel/pfile19.pddl,PPsaFF-glcl,-1,  45441.4,131.9,  37539.8,   222.5,  37318.4,  20672.3,   3503.8,   3504.5,  27680.6,   1.90,  316.4,   575.3,  50914.9,   63.4,zenotravel,zenotravel/pfile19.pddl,0.99,0.005927,0.005962,  167.72, 1.364, 2.586, 2.871,  2.10,10.0,darkgoldenrod1
benchmarks/zenotravel,benchmarks/zenotravel/pfile20.pddl,PPsaFF-glcl,-1,  56580.3,155.2,  29927.6,  3780.8,  26148.3,   7297.1,  17430.2,  17429.8,  42157.1,  48.90,  306.8,  5485.9,  49560.6,   52.1,zenotravel,zenotravel/pfile20.pddl,0.87,0.126332,0.144591,    6.92, 1.895, 1.451, 1.465,  0.77,10.0,darkgoldenrod1
benchmarks/zenotravel,benchmarks/zenotravel/pfile3.pddl,PPsaFF-glcl,-1,    416.8, 15.2,    907.8,   403.3,    504.9,    514.2,    622.0,    621.6,   1757.8,  13.40,   15.3,   129.8,    234.8,    4.2,zenotravel,zenotravel/pfile3.pddl,0.56,0.444261,0.798772,    1.25, 0.465, 0.322, 0.332,  0.71,10.0,darkgoldenrod1
benchmarks/zenotravel,benchmarks/zenotravel/pfile4.pddl,PPsaFF-glcl,-1,    398.8, 16.1,    643.7,   294.3,    349.7,    377.1,    418.8,    418.5,   1214.4,  11.80,   13.6,   148.5,    254.7,    5.1,zenotravel,zenotravel/pfile4.pddl,0.54,0.457201,0.841578,    1.19, 0.728, 0.505, 0.522,  0.72,10.0,darkgoldenrod1
benchmarks/zenotravel,benchmarks/zenotravel/pfile5.pddl,PPsaFF-glcl,-1,    478.1, 28.6,   1169.2,   625.8,    543.7,    379.3,    940.7,    941.0,   2261.0,  20.90,   13.5,   110.5,    133.6,    5.9,zenotravel,zenotravel/pfile5.pddl,0.47,0.535238,1.151002,    0.87, 0.246, 0.177, 0.186,  0.76,10.0,darkgoldenrod1
benchmarks/zenotravel,benchmarks/zenotravel/pfile6.pddl,PPsaFF-glcl,-1,    684.0, 32.2,   1753.9,   906.0,    848.5,    716.5,   1404.6,   1404.4,   3525.5,  26.00,   16.4,   173.7,    189.4,    7.3,zenotravel,zenotravel/pfile6.pddl,0.48,0.516563,1.067767,    0.94, 0.223, 0.192, 0.200,  0.89,10.0,darkgoldenrod1
benchmarks/zenotravel,benchmarks/zenotravel/pfile7.pddl,PPsaFF-glcl,-1,    816.6, 41.3,   2466.1,  1157.6,   1309.3,   1404.4,   1965.3,   1965.4,   5335.1,  22.00,   21.0,   165.2,    239.2,   15.3,zenotravel,zenotravel/pfile7.pddl,0.53,0.469405,0.884137,    1.13, 0.183, 0.143, 0.156,  0.85,10.0,darkgoldenrod1
benchmarks/zenotravel,benchmarks/zenotravel/pfile8.pddl,PPsaFF-glcl,-1,    261.6, 21.3,    846.4,   132.1,    714.5,    428.0,    450.8,    450.7,   1329.5,   3.10,   42.9,    42.1,    191.8,    5.1,zenotravel,zenotravel/pfile8.pddl,0.84,0.156073,0.184885,    5.41, 0.268, 0.319, 0.357,  1.33,10.0,darkgoldenrod1
benchmarks/zenotravel,benchmarks/zenotravel/pfile9.pddl,PPsaFF-glcl,-1,    654.5, 34.0,   2671.8,   792.6,   1880.1,    843.8,   2232.4,   2232.2,   5308.4,  14.20,   34.8,   165.4,    287.3,    8.7,zenotravel,zenotravel/pfile9.pddl,0.70,0.296654,0.421573,    2.37, 0.153, 0.209, 0.220,  1.44,10.0,darkgoldenrod1
